"PCON24CD","PCON24NM","TCITY15CD","TCITY15NM","Region"
"E14001074","Barnsley North","J01000001","Barnsley","North East"
"E14001075","Barnsley South","J01000001","Barnsley","North East"
"E14001077","Basildon and Billericay","J01000002","Basildon","East"
"E14001437","Rayleigh and Wickford","J01000002","Basildon","East"
"E14001480","South Basildon and East Thurrock","J01000002","Basildon","East"
"E14001078","Basingstoke","J01000003","Basingstoke","South West"
"E14001080","Bath","J01000004","Bath","South West"
"E14001084","Bedford","J01000005","Bedford","West"
"E14001091","Birkenhead","J01000006","Birkenhead","North West"
"E14001092","Birmingham Edgbaston","J01000007","Birmingham","West"
"E14001093","Birmingham Erdington","J01000007","Birmingham","West"
"E14001094","Birmingham Hall Green and Moseley","J01000007","Birmingham","West"
"E14001095","Birmingham Hodge Hill and Solihull North","J01000007","Birmingham","West"
"E14001096","Birmingham Ladywood","J01000007","Birmingham","West"
"E14001097","Birmingham Northfield","J01000007","Birmingham","West"
"E14001098","Birmingham Perry Barr","J01000007","Birmingham","West"
"E14001099","Birmingham Selly Oak","J01000007","Birmingham","West"
"E14001100","Birmingham Yardley","J01000007","Birmingham","West"
"E14001138","Bromsgrove","J01000007","Birmingham","West"
"E14001102","Blackburn","J01000008","Blackburn","North West"
"E14001299","Hyndburn","J01000008","Blackburn","North West"
"E14001450","Rossendale and Darwen","J01000008","Blackburn","North West"
"E14001104","Blackpool North and Fleetwood","J01000009","Blackpool","North West"
"E14001105","Blackpool South","J01000009","Blackpool","North West"
"E14001242","Fylde","J01000009","Blackpool","North West"
"E14001110","Bolton North East","J01000010","Bolton","North West"
"E14001111","Bolton South and Walkden","J01000010","Bolton","North West"
"E14001112","Bolton West","J01000010","Bolton","North West"
"E14001115","Bournemouth East","J01000011","Bournemouth","South West"
"E14001116","Bournemouth West","J01000011","Bournemouth","South West"
"E14001117","Bracknell","J01000012","Bracknell","South West"
"E14001118","Bradford East","J01000013","Bradford","North East"
"E14001119","Bradford South","J01000013","Bradford","North East"
"E14001120","Bradford West","J01000013","Bradford","North East"
"E14001506","Spen Valley","J01000013","Bradford","North East"
"E14001129","Brighton Kemptown and Peacehaven","J01000014","Brighton and Hove","South East"
"E14001130","Brighton Pavilion","J01000014","Brighton and Hove","South East"
"E14001296","Hove and Portslade","J01000014","Brighton and Hove","South East"
"E14001131","Bristol Central","J01000015","Bristol","South West"
"E14001132","Bristol East","J01000015","Bristol","South West"
"E14001133","Bristol North East","J01000015","Bristol","South West"
"E14001134","Bristol North West","J01000015","Bristol","West"
"E14001135","Bristol South","J01000015","Bristol","South West"
"E14001142","Burnley","J01000016","Burnley","North West"
"E14001143","Burton and Uttoxeter","J01000017","Burton upon Trent","West"
"E14001144","Bury North","J01000018","Bury","North West"
"E14001149","Cambridge","J01000019","Cambridge","East"
"E14001224","Ely and East Cambridgeshire","J01000019","Cambridge","East"
"E14001481","South Cambridgeshire","J01000019","Cambridge","East"
"E14001512","St Neots and Mid Cambridgeshire","J01000019","Cambridge","East"
"W07000089","Cardiff East","J01000020","Cardiff","Wales"
"W07000090","Cardiff North","J01000020","Cardiff","Wales"
"W07000091","Cardiff South and Penarth","J01000020","Cardiff","Wales"
"W07000092","Cardiff West","J01000020","Cardiff","Wales"
"E14001152","Carlisle","J01000021","Carlisle","North West"
"E14001157","Chatham and Aylesford","J01000022","Chatham","South East"
"E14001159","Chelmsford","J01000023","Chelmsford","East"
"E14001161","Cheltenham","J01000024","Cheltenham","West"
"E14001542","Tewkesbury","J01000024","Cheltenham","West"
"W07000082","Alyn and Deeside","J01000025","Chester","Wales"
"E14001163","Chester North and Neston","J01000025","Chester","North West"
"E14001164","Chester South and Eddisbury","J01000025","Chester","North West"
"E14001165","Chesterfield","J01000026","Chesterfield","North East"
"E14001391","North East Derbyshire","J01000026","Chesterfield","North East"
"E14001176","Colchester","J01000027","Colchester","East"
"E14001590","Witham","J01000027","Colchester","East"
"E14001180","Coventry East","J01000028","Coventry","West"
"E14001181","Coventry North West","J01000028","Coventry","West"
"E14001182","Coventry South","J01000028","Coventry","West"
"E14001184","Crawley","J01000029","Crawley","South East"
"E14001190","Darlington","J01000030","Darlington","North East"
"E14001193","Derby North","J01000031","Derby","West"
"E14001194","Derby South","J01000031","Derby","West"
"E14001362","Mid Derbyshire","J01000031","Derby","West"
"E14001198","Doncaster Central","J01000032","Doncaster","North East"
"E14001200","Doncaster North","J01000032","Doncaster","North East"
"E14001436","Rawmarsh and Conisbrough","J01000032","Doncaster","North East"
"E14001204","Dudley","J01000033","Dudley","West"
"E14001261","Halesowen","J01000033","Dudley","West"
"E14001478","Smethwick","J01000033","Dudley","West"
"E14001524","Stourbridge","J01000033","Dudley","West"
"E14001219","Eastbourne","J01000034","Eastbourne","South East"
"E14001330","Lewes","J01000034","Eastbourne","South East"
"E14001231","Exeter","J01000035","Exeter","South West"
"E14001232","Exmouth and Exeter East","J01000035","Exeter","South West"
"E14001244","Gateshead Central and Whickham","J01000036","Gateshead","North East"
"E14001307","Jarrow and Gateshead East","J01000036","Gateshead","North East"
"E14001567","Washington and Gateshead South","J01000036","Gateshead","North East"
"E14001246","Gillingham and Rainham","J01000037","Gillingham","South East"
"E14001447","Rochester and Strood","J01000037","Gillingham","South East"
"E14001248","Gloucester","J01000038","Gloucester","West"
"E14001255","Great Grimsby and Cleethorpes","J01000039","Grimsby","North East"
"E14001258","Guildford","J01000040","Guildford","South West"
"E14001262","Halifax","J01000041","Halifax","North East"
"E14001267","Harlow","J01000042","Harlow","East"
"E14001269","Harrogate and Knaresborough","J01000043","Harrogate","North East"
"E14001272","Hartlepool","J01000044","Hartlepool","North East"
"E14001274","Hastings and Rye","J01000045","Hastings","South East"
"E14001278","Hemel Hempstead","J01000046","Hemel Hempstead","West"
"E14001162","Chesham and Amersham","J01000047","High Wycombe","West"
"E14001600","Wycombe","J01000047","High Wycombe","West"
"E14001177","Colne Valley","J01000048","Huddersfield","North East"
"E14001297","Huddersfield","J01000048","Huddersfield","North East"
"E14001156","Central Suffolk and North Ipswich","J01000049","Ipswich","East"
"E14001302","Ipswich","J01000049","Ipswich","East"
"E14001087","Beverley and Holderness","J01000050","Kingston upon Hull","North East"
"E14001313","Kingston upon Hull East","J01000050","Kingston upon Hull","North East"
"E14001314","Kingston upon Hull North and Cottingham","J01000050","Kingston upon Hull","North East"
"E14001315","Kingston upon Hull West and Haltemprice","J01000050","Kingston upon Hull","North East"
"E14001319","Leeds Central and Headingley","J01000051","Leeds","North East"
"E14001320","Leeds East","J01000051","Leeds","North East"
"E14001321","Leeds North East","J01000051","Leeds","North East"
"E14001322","Leeds North West","J01000051","Leeds","North East"
"E14001323","Leeds South","J01000051","Leeds","North East"
"E14001324","Leeds South West and Morley","J01000051","Leeds","North East"
"E14001325","Leeds West and Pudsey","J01000051","Leeds","North East"
"E14001326","Leicester East","J01000052","Leicester","West"
"E14001327","Leicester South","J01000052","Leicester","West"
"E14001328","Leicester West","J01000052","Leicester","West"
"E14001364","Mid Leicestershire","J01000052","Leicester","West"
"E14001488","South Leicestershire","J01000052","Leicester","West"
"E14001336","Lincoln","J01000053","Lincoln","North East"
"E14001317","Knowsley","J01000054","Liverpool","North West"
"E14001337","Liverpool Garston","J01000054","Liverpool","North West"
"E14001338","Liverpool Riverside","J01000054","Liverpool","North West"
"E14001339","Liverpool Walton","J01000054","Liverpool","North West"
"E14001340","Liverpool Wavertree","J01000054","Liverpool","North West"
"E14001341","Liverpool West Derby","J01000054","Liverpool","North West"
"E14001584","Widnes and Halewood","J01000054","Liverpool","North West"
"E14001073","Barking","J01000055","London","London (East)"
"E14001081","Battersea","J01000055","London","London (West)"
"E14001083","Beckenham and Penge","J01000055","London","London (East)"
"E14001085","Bermondsey and Old Southwark","J01000055","London","London (East)"
"E14001086","Bethnal Green and Stepney","J01000055","London","London (East)"
"E14001089","Bexleyheath and Crayford","J01000055","London","London (East)"
"E14001122","Brent East","J01000055","London","London (West)"
"E14001123","Brent West","J01000055","London","London (West)"
"E14001124","Brentford and Isleworth","J01000055","London","London (West)"
"E14001137","Bromley and Biggin Hill","J01000055","London","London (East)"
"E14001153","Carshalton and Wallington","J01000055","London","London (West)"
"E14001160","Chelsea and Fulham","J01000055","London","London (West)"
"E14001167","Chingford and Woodford Green","J01000055","London","London (East)"
"E14001169","Chipping Barnet","J01000055","London","London (West)"
"E14001172","Cities of London and Westminster","J01000055","London","London (West)"
"E14001175","Clapham and Brixton Hill","J01000055","London","London (West)"
"E14001186","Croydon East","J01000055","London","London (East)"
"E14001187","Croydon South","J01000055","London","London (West)"
"E14001188","Croydon West","J01000055","London","London (West)"
"E14001189","Dagenham and Rainham","J01000055","London","London (East)"
"E14001205","Dulwich and West Norwood","J01000055","London","London (East)"
"E14001207","Ealing Central and Acton","J01000055","London","London (West)"
"E14001208","Ealing North","J01000055","London","London (West)"
"E14001209","Ealing Southall","J01000055","London","London (West)"
"E14001213","East Ham","J01000055","London","London (East)"
"E14001221","Edmonton and Winchmore Hill","J01000055","London","London (East)"
"E14001223","Eltham and Chislehurst","J01000055","London","London (East)"
"E14001229","Erith and Thamesmead","J01000055","London","London (East)"
"E14001236","Feltham and Heston","J01000055","London","London (West)"
"E14001238","Finchley and Golders Green","J01000055","London","London (West)"
"E14001257","Greenwich and Woolwich","J01000055","London","London (East)"
"E14001259","Hackney North and Stoke Newington","J01000055","London","London (East)"
"E14001260","Hackney South and Shoreditch","J01000055","London","London (East)"
"E14001264","Hammersmith and Chiswick","J01000055","London","London (West)"
"E14001265","Hampstead and Highgate","J01000055","London","London (West)"
"E14001270","Harrow East","J01000055","London","London (West)"
"E14001271","Harrow West","J01000055","London","London (West)"
"E14001276","Hayes and Harlington","J01000055","London","London (West)"
"E14001279","Hendon","J01000055","London","London (West)"
"E14001290","Holborn and St Pancras","J01000055","London","London (West)"
"E14001293","Hornsey and Friern Barnet","J01000055","London","London (West)"
"E14001300","Ilford North","J01000055","London","London (East)"
"E14001301","Ilford South","J01000055","London","London (East)"
"E14001305","Islington North","J01000055","London","London (West)"
"E14001306","Islington South and Finsbury","J01000055","London","London (West)"
"E14001310","Kensington and Bayswater","J01000055","London","London (West)"
"E14001312","Kingston and Surbiton","J01000055","London","London (West)"
"E14001331","Lewisham East","J01000055","London","London (East)"
"E14001332","Lewisham North","J01000055","London","London (East)"
"E14001333","Lewisham West and East Dulwich","J01000055","London","London (East)"
"E14001334","Leyton and Wanstead","J01000055","London","London (East)"
"E14001371","Mitcham and Morden","J01000055","London","London (West)"
"E14001414","Old Bexley and Sidcup","J01000055","London","London (East)"
"E14001417","Orpington","J01000055","London","London (East)"
"E14001421","Peckham","J01000055","London","London (East)"
"E14001430","Poplar and Limehouse","J01000055","London","London (East)"
"E14001434","Putney","J01000055","London","London (West)"
"E14001435","Queen's Park and Maida Vale","J01000055","London","London (West)"
"E14001445","Richmond Park","J01000055","London","London (West)"
"E14001448","Romford","J01000055","London","London (East)"
"E14001454","Ruislip, Northwood and Pinner","J01000055","London","London (West)"
"E14001503","Southgate and Wood Green","J01000055","London","London (West)"
"E14001525","Stratford and Bow","J01000055","London","London (East)"
"E14001527","Streatham and Croydon North","J01000055","London","London (West)"
"E14001534","Sutton and Cheam","J01000055","London","London (West)"
"E14001550","Tooting","J01000055","London","London (West)"
"E14001553","Tottenham","J01000055","London","London (East)"
"E14001556","Twickenham","J01000055","London","London (West)"
"E14001558","Uxbridge and South Ruislip","J01000055","London","London (West)"
"E14001559","Vauxhall and Camberwell Green","J01000055","London","London (West)"
"E14001563","Walthamstow","J01000055","London","London (East)"
"E14001576","West Ham and Beckton","J01000055","London","London (East)"
"E14001586","Wimbledon","J01000055","London","London (West)"
"E14001206","Dunstable and Leighton Buzzard","J01000056","Luton","West"
"E14001345","Luton North","J01000056","Luton","West"
"E14001346","Luton South and South Bedfordshire","J01000056","Luton","West"
"E14001235","Faversham and Mid Kent","J01000057","Maidstone","South East"
"E14001349","Maidstone and Malling","J01000057","Maidstone","South East"
"E14001070","Ashton-under-Lyne","J01000058","Manchester","North West"
"E14001103","Blackley and Middleton South","J01000058","Manchester","North West"
"E14001145","Bury South","J01000058","Manchester","North West"
"E14001251","Gorton and Denton","J01000058","Manchester","North West"
"E14001352","Manchester Central","J01000058","Manchester","North West"
"E14001353","Manchester Rusholme","J01000058","Manchester","North West"
"E14001354","Manchester Withington","J01000058","Manchester","North West"
"E14001068","Ashfield","J01000059","Mansfield","North East"
"E14001109","Bolsover","J01000059","Mansfield","North East"
"E14001355","Mansfield","J01000059","Mansfield","North East"
"E14001471","Sherwood Forest","J01000059","Mansfield","North East"
"E14001367","Middlesbrough and Thornaby East","J01000060","Middlesbrough","North East"
"E14001368","Middlesbrough South and East Cleveland","J01000060","Middlesbrough","North East"
"E14001440","Redcar","J01000060","Middlesbrough","North East"
"E14001141","Buckingham and Bletchley","J01000061","Milton Keynes","West"
"E14001369","Milton Keynes Central","J01000061","Milton Keynes","West"
"E14001370","Milton Keynes North","J01000061","Milton Keynes","West"
"E14001380","Newcastle-under-Lyme","J01000063","Newcastle-under-Lyme","North West"
"E14001377","Newcastle upon Tyne Central and West","J01000062","Newcastle upon Tyne","North East"
"E14001379","Newcastle upon Tyne North","J01000062","Newcastle upon Tyne","North East"
"W07000104","Newport East","J01000064","Newport","Wales"
"W07000105","Newport West and Islwyn","J01000064","Newport","Wales"
"E14001192","Daventry","J01000065","Northampton","West"
"E14001406","Northampton North","J01000065","Northampton","West"
"E14001407","Northampton South","J01000065","Northampton","West"
"E14001408","Norwich North","J01000066","Norwich","East"
"E14001409","Norwich South","J01000066","Norwich","East"
"E14001410","Nottingham East","J01000067","Nottingham","West"
"E14001411","Nottingham North and Kimberley","J01000067","Nottingham","West"
"E14001412","Nottingham South","J01000067","Nottingham","West"
"E14001413","Nuneaton","J01000068","Nuneaton","West"
"E14001415","Oldham East and Saddleworth","J01000069","Oldham","North West"
"E14001416","Oldham West, Chadderton and Royton","J01000069","Oldham","North West"
"E14001419","Oxford East","J01000070","Oxford","West"
"E14001420","Oxford West and Abingdon","J01000070","Oxford","West"
"E14001401","North West Cambridgeshire","J01000071","Peterborough","East"
"E14001425","Peterborough","J01000071","Peterborough","East"
"E14001426","Plymouth Moor View","J01000072","Plymouth","South West"
"E14001495","South West Devon","J01000072","Plymouth","South West"
"E14001363","Mid Dorset and North Poole","J01000073","Poole","South West"
"E14001429","Poole","J01000073","Poole","South West"
"E14001233","Fareham and Waterlooville","J01000074","Portsmouth","South West"
"E14001431","Portsmouth North","J01000074","Portsmouth","South West"
"E14001432","Portsmouth South","J01000074","Portsmouth","South West"
"E14001433","Preston","J01000075","Preston","North West"
"E14001443","Ribble Valley","J01000075","Preston","North West"
"E14001491","South Ribble","J01000075","Preston","North West"
"E14001210","Earley and Woodley","J01000076","Reading","South West"
"E14001438","Reading Central","J01000076","Reading","South West"
"E14001441","Redditch","J01000077","Redditch","West"
"E14001286","Heywood and Middleton North","J01000078","Rochdale","North West"
"E14001446","Rochdale","J01000078","Rochdale","North West"
"E14001451","Rother Valley","J01000079","Rotherham","North East"
"E14001452","Rotherham","J01000079","Rotherham","North East"
"E14001459","Salford","J01000080","Salford","North West"
"E14001462","Scunthorpe","J01000081","Scunthorpe","North East"
"E14001466","Sheffield Brightside and Hillsborough","J01000082","Sheffield","North East"
"E14001467","Sheffield Central","J01000082","Sheffield","North East"
"E14001468","Sheffield Hallam","J01000082","Sheffield","North East"
"E14001469","Sheffield Heeley","J01000082","Sheffield","North East"
"E14001470","Sheffield South East","J01000082","Sheffield","North East"
"E14001473","Shrewsbury","J01000083","Shrewsbury","West"
"E14001082","Beaconsfield","J01000084","Slough","West"
"E14001477","Slough","J01000084","Slough","West"
"E14001588","Windsor","J01000084","Slough","South West"
"E14001358","Meriden and Solihull East","J01000085","Solihull","West"
"E14001479","Solihull West and Shirley","J01000085","Solihull","West"
"E14001492","South Shields","J01000086","South Shields","North East"
"E14001449","Romsey and Southampton North","J01000087","Southampton","South West"
"E14001499","Southampton Itchen","J01000087","Southampton","South West"
"E14001500","Southampton Test","J01000087","Southampton","South West"
"E14001501","Southend East and Rochford","J01000088","Southend-on-Sea","East"
"E14001502","Southend West and Leigh","J01000088","Southend-on-Sea","East"
"E14001463","Sefton Central","J01000089","Southport","North West"
"E14001504","Southport","J01000089","Southport","North West"
"E14001268","Harpenden and Berkhamsted","J01000090","St Albans","West"
"E14001507","St Albans","J01000090","St Albans","West"
"E14001509","St Helens North","J01000091","St Helens","North West"
"E14001510","St Helens South and Whiston","J01000091","St Helens","North West"
"E14001289","Hitchin","J01000092","Stevenage","East"
"E14001516","Stevenage","J01000092","Stevenage","East"
"E14001158","Cheadle","J01000093","Stockport","North West"
"E14001277","Hazel Grove","J01000093","Stockport","North West"
"E14001517","Stockport","J01000093","Stockport","North West"
"E14001518","Stockton North","J01000094","Stockton-on-Tees","North East"
"E14001519","Stockton West","J01000094","Stockton-on-Tees","North East"
"E14001514","Staffordshire Moorlands","J01000095","Stoke-on-Trent","North East"
"E14001520","Stoke-on-Trent Central","J01000095","Stoke-on-Trent","North West"
"E14001521","Stoke-on-Trent North","J01000095","Stoke-on-Trent","North West"
"E14001522","Stoke-on-Trent South","J01000095","Stoke-on-Trent","West"
"E14001295","Houghton and Sunderland South","J01000096","Sunderland","North East"
"E14001531","Sunderland Central","J01000096","Sunderland","North East"
"E14001535","Sutton Coldfield","J01000097","Sutton Coldfield","West"
"E14001538","Tamworth","J01000097","Sutton Coldfield","West"
"W07000097","Gower","J01000098","Swansea","Wales"
"W07000103","Neath and Swansea East","J01000098","Swansea","Wales"
"W07000108","Swansea West","J01000098","Swansea","Wales"
"E14001536","Swindon North","J01000099","Swindon","West"
"E14001537","Swindon South","J01000099","Swindon","West"
"E14001541","Telford","J01000100","Telford","West"
"E14001543","The Wrekin","J01000100","Telford","West"
"E14001418","Ossett and Denby Dale","J01000101","Wakefield","North East"
"E14001560","Wakefield and Rothwell","J01000101","Wakefield","North East"
"E14001064","Aldridge-Brownhills","J01000102","Walsall","West"
"E14001562","Walsall and Bloxwich","J01000102","Walsall","West"
"E14001564","Warrington North","J01000103","Warrington","North West"
"E14001565","Warrington South","J01000103","Warrington","North West"
"E14001496","South West Hertfordshire","J01000104","Watford","West"
"E14001568","Watford","J01000104","Watford","West"
"E14001574","West Bromwich","J01000105","West Bromwich","West"
"E14001581","Weston-super-Mare","J01000106","Weston-Super-Mare","South West"
"E14001350","Makerfield","J01000107","Wigan","North West"
"E14001585","Wigan","J01000107","Wigan","North West"
"E14001592","Woking","J01000108","Woking","South West"
"E14001594","Wolverhampton North East","J01000109","Wolverhampton","West"
"E14001595","Wolverhampton South East","J01000109","Wolverhampton","West"
"E14001596","Wolverhampton West","J01000109","Wolverhampton","West"
"E14001597","Worcester","J01000110","Worcester","West"
"E14001218","East Worthing and Shoreham","J01000111","Worthing","South West"
"E14001599","Worthing West","J01000111","Worthing","South West"
"E14001604","York Central","J01000112","York","North East"
"E14001605","York Outer","J01000112","York","North East"
"W07000081","Aberafan Maesteg",NA,NA,"Wales"
"S14000060","Aberdeen North",NA,NA,"Scotland"
"S14000061","Aberdeen South",NA,NA,"Scotland"
"S14000062","Aberdeenshire North and Moray East",NA,NA,"Scotland"
"S14000063","Airdrie and Shotts",NA,NA,"Scotland"
"E14001063","Aldershot",NA,NA,"South West"
"S14000064","Alloa and Grangemouth",NA,NA,"Scotland"
"E14001065","Altrincham and Sale West",NA,NA,"North West"
"E14001066","Amber Valley",NA,NA,"North East"
"S14000065","Angus and Perthshire Glens",NA,NA,"Scotland"
"S14000066","Arbroath and Broughty Ferry",NA,NA,"Scotland"
"S14000067","Argyll, Bute and South Lochaber",NA,NA,"Scotland"
"E14001067","Arundel and South Downs",NA,NA,"South West"
"E14001069","Ashford",NA,NA,"South East"
"E14001071","Aylesbury",NA,NA,"West"
"S14000107","Ayr, Carrick and Cumnock",NA,NA,"Scotland"
"E14001072","Banbury",NA,NA,"West"
"W07000083","Bangor Aberconwy",NA,NA,"Wales"
"E14001076","Barrow and Furness",NA,NA,"North West"
"E14001079","Bassetlaw",NA,NA,"North East"
"S14000068","Bathgate and Linlithgow",NA,NA,"Scotland"
"N05000001","Belfast East",NA,NA,"NI"
"N05000002","Belfast North",NA,NA,"NI"
"N05000003","Belfast South and Mid Down",NA,NA,"NI"
"N05000004","Belfast West",NA,NA,"NI"
"S14000108","Berwickshire, Roxburgh and Selkirk",NA,NA,"Scotland"
"E14001088","Bexhill and Battle",NA,NA,"South East"
"E14001090","Bicester and Woodstock",NA,NA,"West"
"E14001101","Bishop Auckland",NA,NA,"North East"
"W07000084","Blaenau Gwent and Rhymney",NA,NA,"Wales"
"E14001106","Blaydon and Consett",NA,NA,"North East"
"E14001107","Blyth and Ashington",NA,NA,"North East"
"E14001108","Bognor Regis and Littlehampton",NA,NA,"South West"
"E14001113","Bootle",NA,NA,"North West"
"E14001114","Boston and Skegness",NA,NA,"North East"
"E14001121","Braintree",NA,NA,"East"
"W07000085","Brecon, Radnor and Cwm Tawe",NA,NA,"Wales"
"E14001125","Brentwood and Ongar",NA,NA,"East"
"W07000086","Bridgend",NA,NA,"Wales"
"E14001126","Bridgwater",NA,NA,"South West"
"E14001127","Bridlington and The Wolds",NA,NA,"North East"
"E14001128","Brigg and Immingham",NA,NA,"North East"
"E14001136","Broadland and Fakenham",NA,NA,"East"
"E14001139","Broxbourne",NA,NA,"East"
"E14001140","Broxtowe",NA,NA,"West"
"E14001146","Bury St Edmunds and Stowmarket",NA,NA,"East"
"W07000087","Caerfyrddin",NA,NA,"Wales"
"W07000088","Caerphilly",NA,NA,"Wales"
"S14000069","Caithness, Sutherland and Easter Ross",NA,NA,"Scotland"
"E14001147","Calder Valley",NA,NA,"North West"
"E14001148","Camborne and Redruth",NA,NA,"South West"
"E14001150","Cannock Chase",NA,NA,"West"
"E14001151","Canterbury",NA,NA,"South East"
"E14001154","Castle Point",NA,NA,"East"
"S14000109","Central Ayrshire",NA,NA,"Scotland"
"E14001155","Central Devon",NA,NA,"South West"
"W07000093","Ceredigion Preseli",NA,NA,"Wales"
"E14001166","Chichester",NA,NA,"South West"
"E14001168","Chippenham",NA,NA,"South West"
"E14001170","Chorley",NA,NA,"North West"
"E14001171","Christchurch",NA,NA,"South West"
"E14001173","City of Durham",NA,NA,"North East"
"E14001174","Clacton",NA,NA,"East"
"W07000094","Clwyd East",NA,NA,"Wales"
"W07000095","Clwyd North",NA,NA,"Wales"
"S14000070","Coatbridge and Bellshill",NA,NA,"Scotland"
"E14001178","Congleton",NA,NA,"North West"
"E14001179","Corby and East Northamptonshire",NA,NA,"West"
"S14000071","Cowdenbeath and Kirkcaldy",NA,NA,"Scotland"
"E14001183","Cramlington and Killingworth",NA,NA,"North East"
"E14001185","Crewe and Nantwich",NA,NA,"North West"
"S14000072","Cumbernauld and Kirkintilloch",NA,NA,"Scotland"
"E14001191","Dartford",NA,NA,"South East"
"E14001195","Derbyshire Dales",NA,NA,"North East"
"E14001196","Dewsbury and Batley",NA,NA,"North East"
"E14001197","Didcot and Wantage",NA,NA,"West"
"E14001199","Doncaster East and the Isle of Axholme",NA,NA,"North East"
"E14001201","Dorking and Horley",NA,NA,"South East"
"E14001202","Dover and Deal",NA,NA,"South East"
"E14001203","Droitwich and Evesham",NA,NA,"West"
"S14000073","Dumfries and Galloway",NA,NA,"Scotland"
"S14000074","Dumfriesshire, Clydesdale and Tweeddale",NA,NA,"Scotland"
"S14000075","Dundee Central",NA,NA,"Scotland"
"S14000076","Dunfermline and Dollar",NA,NA,"Scotland"
"W07000096","Dwyfor Meirionnydd",NA,NA,"Wales"
"E14001211","Easington",NA,NA,"North East"
"N05000005","East Antrim",NA,NA,"NI"
"E14001212","East Grinstead and Uckfield",NA,NA,"South East"
"E14001214","East Hampshire",NA,NA,"South West"
"S14000077","East Kilbride and Strathaven",NA,NA,"Scotland"
"N05000006","East Londonderry",NA,NA,"NI"
"S14000021","East Renfrewshire",NA,NA,"Scotland"
"E14001215","East Surrey",NA,NA,"South East"
"E14001216","East Thanet",NA,NA,"South East"
"E14001217","East Wiltshire",NA,NA,"South West"
"E14001220","Eastleigh",NA,NA,"South West"
"S14000078","Edinburgh East and Musselburgh",NA,NA,"Scotland"
"S14000079","Edinburgh North and Leith",NA,NA,"Scotland"
"S14000080","Edinburgh South",NA,NA,"Scotland"
"S14000081","Edinburgh South West",NA,NA,"Scotland"
"S14000082","Edinburgh West",NA,NA,"Scotland"
"E14001222","Ellesmere Port and Bromborough",NA,NA,"North West"
"E14001225","Enfield North",NA,NA,"East"
"E14001226","Epping Forest",NA,NA,"East"
"E14001227","Epsom and Ewell",NA,NA,"South East"
"E14001228","Erewash",NA,NA,"West"
"E14001230","Esher and Walton",NA,NA,"South West"
"S14000083","Falkirk",NA,NA,"Scotland"
"E14001234","Farnham and Bordon",NA,NA,"South West"
"N05000007","Fermanagh and South Tyrone",NA,NA,"NI"
"E14001237","Filton and Bradley Stoke",NA,NA,"West"
"E14001239","Folkestone and Hythe",NA,NA,"South East"
"E14001240","Forest of Dean",NA,NA,"West"
"N05000008","Foyle",NA,NA,"NI"
"E14001241","Frome and East Somerset",NA,NA,"South West"
"E14001243","Gainsborough",NA,NA,"North East"
"E14001245","Gedling",NA,NA,"West"
"S14000084","Glasgow East",NA,NA,"Scotland"
"S14000085","Glasgow North",NA,NA,"Scotland"
"S14000086","Glasgow North East",NA,NA,"Scotland"
"S14000087","Glasgow South",NA,NA,"Scotland"
"S14000088","Glasgow South West",NA,NA,"Scotland"
"S14000089","Glasgow West",NA,NA,"Scotland"
"E14001247","Glastonbury and Somerton",NA,NA,"South West"
"S14000090","Glenrothes and Mid Fife",NA,NA,"Scotland"
"E14001249","Godalming and Ash",NA,NA,"South West"
"E14001250","Goole and Pocklington",NA,NA,"North East"
"S14000091","Gordon and Buchan",NA,NA,"Scotland"
"E14001252","Gosport",NA,NA,"South West"
"E14001253","Grantham and Bourne",NA,NA,"West"
"E14001254","Gravesham",NA,NA,"South East"
"E14001256","Great Yarmouth",NA,NA,"East"
"E14001263","Hamble Valley",NA,NA,"South West"
"S14000092","Hamilton and Clyde Valley",NA,NA,"Scotland"
"E14001266","Harborough, Oadby and Wigston",NA,NA,"West"
"E14001273","Harwich and North Essex",NA,NA,"East"
"E14001275","Havant",NA,NA,"South West"
"E14001280","Henley and Thame",NA,NA,"West"
"E14001281","Hereford and South Herefordshire",NA,NA,"West"
"E14001282","Herne Bay and Sandwich",NA,NA,"South East"
"E14001283","Hertford and Stortford",NA,NA,"East"
"E14001284","Hertsmere",NA,NA,"East"
"E14001285","Hexham",NA,NA,"North West"
"E14001287","High Peak",NA,NA,"North East"
"E14001288","Hinckley and Bosworth",NA,NA,"West"
"E14001291","Honiton and Sidmouth",NA,NA,"South West"
"E14001292","Hornchurch and Upminster",NA,NA,"East"
"E14001294","Horsham",NA,NA,"South West"
"E14001298","Huntingdon",NA,NA,"East"
"S14000093","Inverclyde and Renfrewshire West",NA,NA,"Scotland"
"S14000094","Inverness, Skye and West Ross-shire",NA,NA,"Scotland"
"E14001303","Isle of Wight East",NA,NA,"South West"
"E14001304","Isle of Wight West",NA,NA,"South West"
"E14001308","Keighley and Ilkley",NA,NA,"North East"
"E14001309","Kenilworth and Southam",NA,NA,"West"
"E14001311","Kettering",NA,NA,"West"
"S14000110","Kilmarnock and Loudoun",NA,NA,"Scotland"
"E14001316","Kingswinford and South Staffordshire",NA,NA,"West"
"N05000009","Lagan Valley",NA,NA,"NI"
"E14001318","Lancaster and Wyre",NA,NA,"North West"
"E14001329","Leigh and Atherton",NA,NA,"North West"
"E14001335","Lichfield",NA,NA,"West"
"S14000095","Livingston",NA,NA,"Scotland"
"W07000098","Llanelli",NA,NA,"Wales"
"S14000096","Lothian East",NA,NA,"Scotland"
"E14001342","Loughborough",NA,NA,"West"
"E14001343","Louth and Horncastle",NA,NA,"North East"
"E14001344","Lowestoft",NA,NA,"East"
"E14001347","Macclesfield",NA,NA,"North West"
"E14001348","Maidenhead",NA,NA,"West"
"E14001351","Maldon",NA,NA,"East"
"E14001356","Melksham and Devizes",NA,NA,"South West"
"E14001357","Melton and Syston",NA,NA,"West"
"W07000099","Merthyr Tydfil and Aberdare",NA,NA,"Wales"
"W07000100","Mid and South Pembrokeshire",NA,NA,"Wales"
"E14001359","Mid Bedfordshire",NA,NA,"West"
"E14001360","Mid Buckinghamshire",NA,NA,"West"
"E14001361","Mid Cheshire",NA,NA,"North West"
"S14000097","Mid Dunbartonshire",NA,NA,"Scotland"
"E14001365","Mid Norfolk",NA,NA,"East"
"E14001366","Mid Sussex",NA,NA,"South East"
"N05000010","Mid Ulster",NA,NA,"NI"
"S14000045","Midlothian",NA,NA,"Scotland"
"W07000101","Monmouthshire",NA,NA,"Wales"
"W07000102","Montgomeryshire and Glyndwr",NA,NA,"Wales"
"S14000098","Moray West, Nairn and Strathspey",NA,NA,"Scotland"
"E14001372","Morecambe and Lunesdale",NA,NA,"North West"
"S14000099","Motherwell, Wishaw and Carluke",NA,NA,"Scotland"
"S14000027","Na h-Eileanan an Iar",NA,NA,"Scotland"
"E14001373","New Forest East",NA,NA,"South West"
"E14001374","New Forest West",NA,NA,"South West"
"E14001375","Newark",NA,NA,"North East"
"E14001376","Newbury",NA,NA,"South West"
"E14001378","Newcastle upon Tyne East and Wallsend",NA,NA,"North East"
"N05000011","Newry and Armagh",NA,NA,"NI"
"E14001381","Newton Abbot",NA,NA,"South West"
"E14001382","Newton Aycliffe and Spennymoor",NA,NA,"North East"
"E14001383","Normanton and Hemsworth",NA,NA,"North East"
"N05000012","North Antrim",NA,NA,"NI"
"S14000048","North Ayrshire and Arran",NA,NA,"Scotland"
"E14001384","North Bedfordshire",NA,NA,"West"
"E14001385","North Cornwall",NA,NA,"South West"
"E14001386","North Cotswolds",NA,NA,"West"
"E14001387","North Devon",NA,NA,"South West"
"E14001388","North Dorset",NA,NA,"South West"
"N05000013","North Down",NA,NA,"NI"
"E14001389","North Durham",NA,NA,"North East"
"E14001390","North East Cambridgeshire",NA,NA,"East"
"S14000100","North East Fife",NA,NA,"Scotland"
"E14001392","North East Hampshire",NA,NA,"South West"
"E14001393","North East Hertfordshire",NA,NA,"East"
"E14001394","North East Somerset and Hanham",NA,NA,"South West"
"E14001395","North Herefordshire",NA,NA,"West"
"E14001396","North Norfolk",NA,NA,"East"
"E14001397","North Northumberland",NA,NA,"North East"
"E14001398","North Shropshire",NA,NA,"West"
"E14001399","North Somerset",NA,NA,"South West"
"E14001400","North Warwickshire and Bedworth",NA,NA,"West"
"E14001402","North West Essex",NA,NA,"East"
"E14001403","North West Hampshire",NA,NA,"South West"
"E14001404","North West Leicestershire",NA,NA,"West"
"E14001405","North West Norfolk",NA,NA,"East"
"S14000051","Orkney and Shetland",NA,NA,"Scotland"
"S14000101","Paisley and Renfrewshire North",NA,NA,"Scotland"
"S14000102","Paisley and Renfrewshire South",NA,NA,"Scotland"
"E14001422","Pendle and Clitheroe",NA,NA,"North West"
"E14001423","Penistone and Stocksbridge",NA,NA,"North East"
"E14001424","Penrith and Solway",NA,NA,"North West"
"S14000103","Perth and Kinross-shire",NA,NA,"Scotland"
"E14001427","Plymouth Sutton and Devonport",NA,NA,"South West"
"E14001428","Pontefract, Castleford and Knottingley",NA,NA,"North East"
"W07000106","Pontypridd",NA,NA,"Wales"
"E14001439","Reading West and Mid Berkshire",NA,NA,"South West"
"E14001442","Reigate",NA,NA,"South East"
"W07000107","Rhondda and Ogmore",NA,NA,"Wales"
"E14001444","Richmond and Northallerton",NA,NA,"North East"
"E14001453","Rugby",NA,NA,"West"
"E14001455","Runcorn and Helsby",NA,NA,"North West"
"E14001456","Runnymede and Weybridge",NA,NA,"South West"
"E14001457","Rushcliffe",NA,NA,"West"
"S14000104","Rutherglen",NA,NA,"Scotland"
"E14001458","Rutland and Stamford",NA,NA,"West"
"E14001460","Salisbury",NA,NA,"South West"
"E14001461","Scarborough and Whitby",NA,NA,"North East"
"E14001464","Selby",NA,NA,"North East"
"E14001465","Sevenoaks",NA,NA,"South East"
"E14001472","Shipley",NA,NA,"North East"
"E14001474","Sittingbourne and Sheppey",NA,NA,"South East"
"E14001475","Skipton and Ripon",NA,NA,"North East"
"E14001476","Sleaford and North Hykeham",NA,NA,"North East"
"N05000014","South Antrim",NA,NA,"NI"
"E14001482","South Cotswolds",NA,NA,"West"
"E14001483","South Derbyshire",NA,NA,"West"
"E14001484","South Devon",NA,NA,"South West"
"E14001485","South Dorset",NA,NA,"South West"
"N05000015","South Down",NA,NA,"NI"
"E14001486","South East Cornwall",NA,NA,"South West"
"E14001487","South Holland and The Deepings",NA,NA,"East"
"E14001489","South Norfolk",NA,NA,"East"
"E14001490","South Northamptonshire",NA,NA,"West"
"E14001493","South Shropshire",NA,NA,"West"
"E14001494","South Suffolk",NA,NA,"East"
"E14001497","South West Norfolk",NA,NA,"East"
"E14001498","South West Wiltshire",NA,NA,"South West"
"E14001505","Spelthorne",NA,NA,"South West"
"E14001508","St Austell and Newquay",NA,NA,"South West"
"E14001511","St Ives",NA,NA,"South West"
"E14001513","Stafford",NA,NA,"West"
"E14001515","Stalybridge and Hyde",NA,NA,"North West"
"S14000105","Stirling and Strathallan",NA,NA,"Scotland"
"E14001523","Stone, Great Wyrley and Penkridge",NA,NA,"West"
"N05000016","Strangford",NA,NA,"NI"
"E14001526","Stratford-on-Avon",NA,NA,"West"
"E14001528","Stretford and Urmston",NA,NA,"North West"
"E14001529","Stroud",NA,NA,"West"
"E14001530","Suffolk Coastal",NA,NA,"East"
"E14001532","Surrey Heath",NA,NA,"South West"
"E14001533","Sussex Weald",NA,NA,"South East"
"E14001539","Tatton",NA,NA,"North West"
"E14001540","Taunton and Wellington",NA,NA,"South West"
"E14001544","Thirsk and Malton",NA,NA,"North East"
"E14001545","Thornbury and Yate",NA,NA,"West"
"E14001546","Thurrock",NA,NA,"East"
"E14001547","Tipton and Wednesbury",NA,NA,"West"
"E14001548","Tiverton and Minehead",NA,NA,"South West"
"E14001549","Tonbridge",NA,NA,"South East"
"E14001551","Torbay",NA,NA,"South West"
"W07000109","Torfaen",NA,NA,"Wales"
"E14001552","Torridge and Tavistock",NA,NA,"South West"
"E14001554","Truro and Falmouth",NA,NA,"South West"
"E14001555","Tunbridge Wells",NA,NA,"South East"
"E14001557","Tynemouth",NA,NA,"North East"
"N05000017","Upper Bann",NA,NA,"NI"
"W07000110","Vale of Glamorgan",NA,NA,"Wales"
"E14001561","Wallasey",NA,NA,"North West"
"E14001566","Warwick and Leamington",NA,NA,"West"
"E14001569","Waveney Valley",NA,NA,"East"
"E14001570","Weald of Kent",NA,NA,"South East"
"E14001571","Wellingborough and Rushden",NA,NA,"West"
"E14001572","Wells and Mendip Hills",NA,NA,"South West"
"E14001573","Welwyn Hatfield",NA,NA,"East"
"S14000111","West Aberdeenshire and Kincardine",NA,NA,"Scotland"
"E14001575","West Dorset",NA,NA,"South West"
"S14000106","West Dunbartonshire",NA,NA,"Scotland"
"E14001577","West Lancashire",NA,NA,"North West"
"E14001578","West Suffolk",NA,NA,"East"
"N05000018","West Tyrone",NA,NA,"NI"
"E14001579","West Worcestershire",NA,NA,"West"
"E14001580","Westmorland and Lonsdale",NA,NA,"North West"
"E14001582","Wetherby and Easingwold",NA,NA,"North East"
"E14001583","Whitehaven and Workington",NA,NA,"North West"
"E14001587","Winchester",NA,NA,"South West"
"E14001589","Wirral West",NA,NA,"North West"
"E14001591","Witney",NA,NA,"West"
"E14001593","Wokingham",NA,NA,"South West"
"E14001598","Worsley and Eccles",NA,NA,"North West"
"W07000111","Wrexham",NA,NA,"Wales"
"E14001601","Wyre Forest",NA,NA,"West"
"E14001602","Wythenshawe and Sale East",NA,NA,"North West"
"E14001603","Yeovil",NA,NA,"South West"
"W07000112","Ynys Môn",NA,NA,"Wales"
